{
"lengthUnit": "mil",
"components": {
	"fields": ["COMPONENT_NO", "COMPONENT_NAME", "LAYER", "X_COORDINATE", "Y_COORDINATE", "ANGLE"],
	"rows": [
		[1, "C1", "T", 305, 145, 180],
		[2, "C2", "T", 175, -285, 0],
		[3, "C3", "T", 300, 230, 0],
		[4, "C4", "T", 175, -395, 180],
		[5, "Config", "T", -131.75, 582.72, 180],
		[6, "D1", "T", 55, 100, 180],
		[7, "R1", "T", 300, 380, 180],
		[8, "R2", "T", 295, 310, 180],
		[9, "RESET", "T", -186.75, -272.28, 90],
		[10, "U2", "T", 808.25, 57.72, 270],
		[11, "U7", "T", 768.25, 677.72, 180],
		[12, "U8", "T", 768.25, -567.28, 180],
		[13, "U9", "T", 188.25, -87.28, 0],
		[14, "USB1", "T", -171.75, 192.72, 270]
	]
},
"pins": {
	"fields": ["PIN_NO", "PIN_NAME", "PIN_X", "PIN_Y", "LAYER", "PIN_TYPE", "NET_NAME", "NET_TYPE", "PAD_SHAPE", "PAD_SIZEX", "PAD_SIZEY", "HOLE_SIZE", "PAD_ANGLE"],
	"rows": [
		[1, "C1_1", 332.56, 145, "T", "SMD", "$1N2898", "", "R", 31.5, 35.43, 0, 180],
		[2, "C1_2", 277.44, 145, "T", "SMD", "GND", "GND", "R", 31.5, 35.43, 0, 180],
		[3, "C2_1", 147.44, -285, "T", "SMD", "VCC", "", "R", 31.5, 35.43, 0, 0],
		[4, "C2_2", 202.56, -285, "T", "SMD", "GND", "GND", "R", 31.5, 35.43, 0, 0],
		[5, "C3_1", 237.3, 230, "T", "SMD", "GND", "GND", "R", 58.47, 68.03, 0, 0],
		[6, "C3_2", 362.7, 230, "T", "SMD", "$1N2898", "", "R", 58.47, 68.03, 0, 0],
		[7, "C4_1", 237.7, -395, "T", "SMD", "GND", "GND", "R", 58.47, 68.03, 0, 180],
		[8, "C4_2", 112.3, -395, "T", "SMD", "VCC", "", "R", 58.47, 68.03, 0, 180],
		[9, "Config_1", 25.73, 494.13, "T", "SMD", "GND", "GND", "R", 70.87, 47.24, 0, 180],
		[10, "Config_2", -289.23, 494.13, "T", "SMD", "GND", "GND", "R", 70.87, 47.24, 0, 180],
		[11, "Config_3", 25.73, 671.3, "T", "SMD", "$1N2902", "", "R", 70.87, 47.24, 0, 180],
		[12, "Config_4", -289.23, 671.3, "T", "SMD", "$1N2902", "", "R", 70.87, 47.24, 0, 180],
		[13, "D1_1", 101.17, 100, "T", "SMD", "$1N2898", "", "R", 39.37, 29.53, 0, 180],
		[14, "D1_2", 8.83, 100, "T", "SMD", "$1N2889", "", "R", 39.37, 29.53, 0, 180],
		[15, "R1_1", 329.66, 380, "T", "SMD", "$1N875", "", "R", 31.75, 34.02, 0, 180],
		[16, "R1_2", 270.34, 380, "T", "SMD", "$1N4751", "", "R", 31.75, 34.02, 0, 180],
		[17, "R2_1", 324.66, 310, "T", "SMD", "$1N879", "", "R", 31.75, 34.02, 0, 180],
		[18, "R2_2", 265.34, 310, "T", "SMD", "$1N3355", "", "R", 31.75, 34.02, 0, 180],
		[19, "RESET_1", -275.33, -429.76, "T", "SMD", "GND", "GND", "R", 70.87, 47.24, 0, 90],
		[20, "RESET_2", -275.33, -114.8, "T", "SMD", "GND", "GND", "R", 70.87, 47.24, 0, 90],
		[21, "RESET_3", -98.17, -429.76, "T", "SMD", "$1N1964", "", "R", 70.87, 47.24, 0, 90],
		[22, "RESET_4", -98.17, -114.8, "T", "SMD", "$1N1964", "", "R", 70.87, 47.24, 0, 90],
		[23, "U2_1", 1139.35, 402.2, "T", "SMD", "GND", "GND", "R", 59.06, 35.43, 0, 270],
		[24, "U2_2", 1089.35, 402.2, "T", "SMD", "VCC", "", "R", 59.06, 35.43, 0, 270],
		[25, "U2_3", 1039.35, 402.2, "T", "SMD", "$1N1964", "", "R", 59.06, 35.43, 0, 270],
		[26, "U2_4", 989.35, 402.2, "T", "SMD", "$1N3202", "", "R", 59.06, 35.43, 0, 270],
		[27, "U2_5", 939.35, 402.2, "T", "SMD", "$1N1982", "", "R", 59.06, 35.43, 0, 270],
		[28, "U2_6", 889.35, 402.2, "T", "SMD", "$1N1991", "", "R", 59.06, 35.43, 0, 270],
		[29, "U2_7", 839.35, 402.2, "T", "SMD", "$1N2003", "", "R", 59.06, 35.43, 0, 270],
		[30, "U2_8", 789.35, 402.2, "T", "SMD", "$1N2015", "", "R", 59.06, 35.43, 0, 270],
		[31, "U2_9", 739.35, 402.2, "T", "SMD", "$1N2022", "", "R", 59.06, 35.43, 0, 270],
		[32, "U2_10", 689.35, 402.2, "T", "SMD", "$1N2029", "", "R", 59.06, 35.43, 0, 270],
		[33, "U2_11", 639.35, 402.2, "T", "SMD", "$1N2037", "", "R", 59.06, 35.43, 0, 270],
		[34, "U2_12", 589.35, 402.2, "T", "SMD", "$1N3093", "", "R", 59.06, 35.43, 0, 270],
		[35, "U2_13", 539.35, 402.2, "T", "SMD", "$1N875", "", "R", 59.06, 35.43, 0, 270],
		[36, "U2_14", 489.35, 402.2, "T", "SMD", "$1N879", "", "R", 59.06, 35.43, 0, 270],
		[37, "U2_15", 489.35, -286.77, "T", "SMD", "$1N2902", "", "R", 59.06, 35.43, 0, 270],
		[38, "U2_16", 539.35, -286.77, "T", "SMD", "$1N1767", "", "R", 59.06, 35.43, 0, 270],
		[39, "U2_17", 589.35, -286.77, "T", "SMD", "$1N1773", "", "R", 59.06, 35.43, 0, 270],
		[40, "U2_18", 639.35, -286.77, "T", "SMD", "$1N1780", "", "R", 59.06, 35.43, 0, 270],
		[41, "U2_19", 689.35, -286.77, "T", "SMD", "$1N1787", "", "R", 59.06, 35.43, 0, 270],
		[42, "U2_20", 739.35, -286.77, "T", "SMD", "$1N1794", "", "R", 59.06, 35.43, 0, 270],
		[43, "U2_21", 789.35, -286.77, "T", "SMD", "$1N3078", "", "R", 59.06, 35.43, 0, 270],
		[44, "U2_22", 839.35, -286.77, "T", "SMD", "U2_22", "", "R", 59.06, 35.43, 0, 270],
		[45, "U2_23", 889.35, -286.77, "T", "SMD", "$1N1666", "", "R", 59.06, 35.43, 0, 270],
		[46, "U2_24", 939.35, -286.77, "T", "SMD", "$1N3124", "", "R", 59.06, 35.43, 0, 270],
		[47, "U2_25", 989.35, -286.77, "T", "SMD", "$1N3131", "", "R", 59.06, 35.43, 0, 270],
		[48, "U2_26", 1039.35, -286.77, "T", "SMD", "$1N3144", "", "R", 59.06, 35.43, 0, 270],
		[49, "U2_27", 1089.35, -286.77, "T", "SMD", "$1N3199", "", "R", 59.06, 35.43, 0, 270],
		[50, "U2_28", 1139.35, -286.77, "T", "SMD", "U2_28", "", "R", 59.06, 35.43, 0, 270],
		[51, "U2_29_1", 963.37, 166.18, "T", "SMD", "U2_29_1", "", "R", 31.5, 31.5, 0, 270],
		[52, "U2_29_2", 963.37, 116.97, "T", "SMD", "U2_29_2", "", "R", 31.5, 31.5, 0, 270],
		[53, "U2_29_3", 963.37, 67.75, "T", "SMD", "U2_29_3", "", "R", 31.5, 31.5, 0, 270],
		[54, "U2_29_4", 914.16, 166.18, "T", "SMD", "U2_29_4", "", "R", 31.5, 31.5, 0, 270],
		[55, "U2_29_5", 914.16, 116.97, "T", "SMD", "U2_29_5", "", "R", 31.5, 31.5, 0, 270],
		[56, "U2_29_6", 914.16, 67.75, "T", "SMD", "U2_29_6", "", "R", 31.5, 31.5, 0, 270],
		[57, "U2_29_7", 864.94, 166.18, "T", "SMD", "U2_29_7", "", "R", 31.5, 31.5, 0, 270],
		[58, "U2_29_8", 864.94, 116.97, "T", "SMD", "U2_29_8", "", "R", 31.5, 31.5, 0, 270],
		[59, "U2_29_9", 864.94, 67.75, "T", "SMD", "U2_29_9", "", "R", 31.5, 31.5, 0, 270],
		[60, "U2_30_1", 963.37, 141.57, "T", "DIP", "U2_30_1", "", "C", 13.78, 13.78, 9.84, 270],
		[61, "U2_30_1", 963.37, 141.57, "B", "DIP", "U2_30_1", "", "C", 13.78, 13.78, 9.84, 270],
		[62, "U2_30_10", 889.55, 67.75, "T", "DIP", "U2_30_10", "", "C", 13.78, 13.78, 9.84, 270],
		[63, "U2_30_10", 889.55, 67.75, "B", "DIP", "U2_30_10", "", "C", 13.78, 13.78, 9.84, 270],
		[64, "U2_30_11", 864.94, 141.57, "T", "DIP", "U2_30_11", "", "C", 13.78, 13.78, 9.84, 270],
		[65, "U2_30_11", 864.94, 141.57, "B", "DIP", "U2_30_11", "", "C", 13.78, 13.78, 9.84, 270],
		[66, "U2_30_12", 864.94, 92.36, "T", "DIP", "U2_30_12", "", "C", 13.78, 13.78, 9.84, 270],
		[67, "U2_30_12", 864.94, 92.36, "B", "DIP", "U2_30_12", "", "C", 13.78, 13.78, 9.84, 270],
		[68, "U2_30_2", 963.37, 92.36, "T", "DIP", "U2_30_2", "", "C", 13.78, 13.78, 9.84, 270],
		[69, "U2_30_2", 963.37, 92.36, "B", "DIP", "U2_30_2", "", "C", 13.78, 13.78, 9.84, 270],
		[70, "U2_30_3", 938.76, 166.18, "T", "DIP", "U2_30_3", "", "C", 13.78, 13.78, 9.84, 270],
		[71, "U2_30_3", 938.76, 166.18, "B", "DIP", "U2_30_3", "", "C", 13.78, 13.78, 9.84, 270],
		[72, "U2_30_4", 938.76, 116.97, "T", "DIP", "U2_30_4", "", "C", 13.78, 13.78, 9.84, 270],
		[73, "U2_30_4", 938.76, 116.97, "B", "DIP", "U2_30_4", "", "C", 13.78, 13.78, 9.84, 270],
		[74, "U2_30_5", 938.76, 67.75, "T", "DIP", "U2_30_5", "", "C", 13.78, 13.78, 9.84, 270],
		[75, "U2_30_5", 938.76, 67.75, "B", "DIP", "U2_30_5", "", "C", 13.78, 13.78, 9.84, 270],
		[76, "U2_30_6", 914.16, 141.57, "T", "DIP", "U2_30_6", "", "C", 13.78, 13.78, 9.84, 270],
		[77, "U2_30_6", 914.16, 141.57, "B", "DIP", "U2_30_6", "", "C", 13.78, 13.78, 9.84, 270],
		[78, "U2_30_7", 914.16, 92.36, "T", "DIP", "U2_30_7", "", "C", 13.78, 13.78, 9.84, 270],
		[79, "U2_30_7", 914.16, 92.36, "B", "DIP", "U2_30_7", "", "C", 13.78, 13.78, 9.84, 270],
		[80, "U2_30_8", 889.55, 166.18, "T", "DIP", "U2_30_8", "", "C", 13.78, 13.78, 9.84, 270],
		[81, "U2_30_8", 889.55, 166.18, "B", "DIP", "U2_30_8", "", "C", 13.78, 13.78, 9.84, 270],
		[82, "U2_30_9", 889.55, 116.97, "T", "DIP", "U2_30_9", "", "C", 13.78, 13.78, 9.84, 270],
		[83, "U2_30_9", 889.55, 116.97, "B", "DIP", "U2_30_9", "", "C", 13.78, 13.78, 9.84, 270],
		[84, "U7_1", 1318.25, 677.72, "T", "DIP", "GND", "GND", "R", 60, 60, 41.34, 180],
		[85, "U7_1", 1318.25, 677.72, "B", "DIP", "GND", "GND", "R", 60, 60, 41.34, 180],
		[86, "U7_2", 1218.25, 677.71, "T", "DIP", "VCC", "", "C", 60, 60, 41.34, 180],
		[87, "U7_2", 1218.25, 677.71, "B", "DIP", "VCC", "", "C", 60, 60, 41.34, 180],
		[88, "U7_3", 1118.25, 677.72, "T", "DIP", "$1N1964", "", "C", 60, 60, 41.34, 180],
		[89, "U7_3", 1118.25, 677.72, "B", "DIP", "$1N1964", "", "C", 60, 60, 41.34, 180],
		[90, "U7_4", 1018.25, 677.72, "T", "DIP", "$1N3202", "", "C", 60, 60, 41.34, 180],
		[91, "U7_4", 1018.25, 677.72, "B", "DIP", "$1N3202", "", "C", 60, 60, 41.34, 180],
		[92, "U7_5", 918.25, 677.72, "T", "DIP", "$1N1982", "", "C", 60, 60, 41.34, 180],
		[93, "U7_5", 918.25, 677.72, "B", "DIP", "$1N1982", "", "C", 60, 60, 41.34, 180],
		[94, "U7_6", 818.25, 677.72, "T", "DIP", "$1N1991", "", "C", 60, 60, 41.34, 180],
		[95, "U7_6", 818.25, 677.72, "B", "DIP", "$1N1991", "", "C", 60, 60, 41.34, 180],
		[96, "U7_7", 718.25, 677.72, "T", "DIP", "$1N2003", "", "C", 60, 60, 41.34, 180],
		[97, "U7_7", 718.25, 677.72, "B", "DIP", "$1N2003", "", "C", 60, 60, 41.34, 180],
		[98, "U7_8", 618.25, 677.72, "T", "DIP", "$1N2015", "", "C", 60, 60, 41.34, 180],
		[99, "U7_8", 618.25, 677.72, "B", "DIP", "$1N2015", "", "C", 60, 60, 41.34, 180],
		[100, "U7_9", 518.25, 677.72, "T", "DIP", "$1N2022", "", "C", 60, 60, 41.34, 180],
		[101, "U7_9", 518.25, 677.72, "B", "DIP", "$1N2022", "", "C", 60, 60, 41.34, 180],
		[102, "U7_10", 418.25, 677.72, "T", "DIP", "$1N2029", "", "C", 60, 60, 41.34, 180],
		[103, "U7_10", 418.25, 677.72, "B", "DIP", "$1N2029", "", "C", 60, 60, 41.34, 180],
		[104, "U7_11", 318.25, 677.72, "T", "DIP", "$1N2037", "", "C", 60, 60, 41.34, 180],
		[105, "U7_11", 318.25, 677.72, "B", "DIP", "$1N2037", "", "C", 60, 60, 41.34, 180],
		[106, "U7_12", 218.25, 677.72, "T", "DIP", "$1N3093", "", "C", 60, 60, 41.34, 180],
		[107, "U7_12", 218.25, 677.72, "B", "DIP", "$1N3093", "", "C", 60, 60, 41.34, 180],
		[108, "U8_1", 1318.25, -567.28, "T", "DIP", "$1N3199", "", "R", 60, 60, 41.34, 180],
		[109, "U8_1", 1318.25, -567.28, "B", "DIP", "$1N3199", "", "R", 60, 60, 41.34, 180],
		[110, "U8_2", 1218.25, -567.28, "T", "DIP", "$1N3144", "", "C", 60, 60, 41.34, 180],
		[111, "U8_2", 1218.25, -567.28, "B", "DIP", "$1N3144", "", "C", 60, 60, 41.34, 180],
		[112, "U8_3", 1118.25, -567.28, "T", "DIP", "$1N3131", "", "C", 60, 60, 41.34, 180],
		[113, "U8_3", 1118.25, -567.28, "B", "DIP", "$1N3131", "", "C", 60, 60, 41.34, 180],
		[114, "U8_4", 1018.25, -567.28, "T", "DIP", "$1N3124", "", "C", 60, 60, 41.34, 180],
		[115, "U8_4", 1018.25, -567.28, "B", "DIP", "$1N3124", "", "C", 60, 60, 41.34, 180],
		[116, "U8_5", 918.25, -567.28, "T", "DIP", "$1N1666", "", "C", 60, 60, 41.34, 180],
		[117, "U8_5", 918.25, -567.28, "B", "DIP", "$1N1666", "", "C", 60, 60, 41.34, 180],
		[118, "U8_6", 818.25, -567.28, "T", "DIP", "$1N3078", "", "C", 60, 60, 41.34, 180],
		[119, "U8_6", 818.25, -567.28, "B", "DIP", "$1N3078", "", "C", 60, 60, 41.34, 180],
		[120, "U8_7", 718.25, -567.28, "T", "DIP", "$1N1794", "", "C", 60, 60, 41.34, 180],
		[121, "U8_7", 718.25, -567.28, "B", "DIP", "$1N1794", "", "C", 60, 60, 41.34, 180],
		[122, "U8_8", 618.25, -567.28, "T", "DIP", "$1N1787", "", "C", 60, 60, 41.34, 180],
		[123, "U8_8", 618.25, -567.28, "B", "DIP", "$1N1787", "", "C", 60, 60, 41.34, 180],
		[124, "U8_9", 518.25, -567.28, "T", "DIP", "$1N1780", "", "C", 60, 60, 41.34, 180],
		[125, "U8_9", 518.25, -567.28, "B", "DIP", "$1N1780", "", "C", 60, 60, 41.34, 180],
		[126, "U8_10", 418.25, -567.28, "T", "DIP", "$1N1773", "", "C", 60, 60, 41.34, 180],
		[127, "U8_10", 418.25, -567.28, "B", "DIP", "$1N1773", "", "C", 60, 60, 41.34, 180],
		[128, "U8_11", 318.25, -567.28, "T", "DIP", "$1N1767", "", "C", 60, 60, 41.34, 180],
		[129, "U8_11", 318.25, -567.28, "B", "DIP", "$1N1767", "", "C", 60, 60, 41.34, 180],
		[130, "U8_12", 218.25, -567.28, "T", "DIP", "$1N2902", "", "C", 60, 60, 41.34, 180],
		[131, "U8_12", 218.25, -567.28, "B", "DIP", "$1N2902", "", "C", 60, 60, 41.34, 180],
		[132, "U9_1", 305.18, -177.84, "T", "SMD", "GND", "GND", "R", 98.42, 43.31, 0, 0],
		[133, "U9_2", 305.18, -87.28, "T", "SMD", "VCC", "", "R", 98.42, 43.31, 0, 0],
		[134, "U9_3", 305.18, 3.27, "T", "SMD", "$1N2898", "", "R", 98.42, 43.31, 0, 0],
		[135, "U9_4", 71.32, -87.28, "T", "SMD", "U9_4", "", "R", 92.13, 141.73, 0, 0],
		[136, "USB1_0", -141.43, 0, "T", "DIP", "GND", "GND", "O", 39.37, 62.99, 47.24, 270],
		[137, "USB1_0", -141.43, 0, "B", "DIP", "GND", "GND", "O", 39.37, 62.99, 47.24, 270],
		[138, "USB1_0", -141.43, 385.43, "T", "DIP", "GND", "GND", "O", 39.37, 62.99, 47.24, 270],
		[139, "USB1_0", -141.43, 385.43, "B", "DIP", "GND", "GND", "O", 39.37, 62.99, 47.24, 270],
		[140, "USB1_0", -259.54, 0, "T", "DIP", "GND", "GND", "O", 39.37, 62.99, 47.24, 270],
		[141, "USB1_0", -259.54, 0, "B", "DIP", "GND", "GND", "O", 39.37, 62.99, 47.24, 270],
		[142, "USB1_0", -259.54, 385.43, "T", "DIP", "GND", "GND", "O", 39.37, 62.99, 47.24, 270],
		[143, "USB1_0", -259.54, 385.43, "B", "DIP", "GND", "GND", "O", 39.37, 62.99, 47.24, 270],
		[144, "USB1_A1B12", -83.95, 319.69, "T", "SMD", "GND", "GND", "R", 21.65, 59.05, 0, 270],
		[145, "USB1_A4B9", -83.95, 287.99, "T", "SMD", "$1N2889", "", "R", 21.65, 59.05, 0, 270],
		[146, "USB1_A5", -83.95, 241.94, "T", "SMD", "USB1_A5", "", "R", 11.81, 59.05, 0, 270],
		[147, "USB1_A6", -83.95, 202.57, "T", "SMD", "$1N3355", "", "R", 11.81, 59.05, 0, 270],
		[148, "USB1_A7", -83.95, 182.88, "T", "SMD", "$1N4751", "", "R", 11.81, 59.05, 0, 270],
		[149, "USB1_A8", -83.95, 143.51, "T", "SMD", "USB1_A8", "", "R", 11.81, 59.05, 0, 270],
		[150, "USB1_B1A12", -83.95, 65.75, "T", "SMD", "GND", "GND", "R", 21.65, 59.05, 0, 270],
		[151, "USB1_B4A9", -83.95, 97.44, "T", "SMD", "$1N2889", "", "R", 21.65, 59.05, 0, 270],
		[152, "USB1_B5", -83.95, 124.22, "T", "SMD", "USB1_B5", "", "R", 11.81, 59.05, 0, 270],
		[153, "USB1_B6", -83.95, 163.2, "T", "SMD", "$1N3355", "", "R", 11.81, 59.05, 0, 270],
		[154, "USB1_B7", -83.95, 222.25, "T", "SMD", "$1N4751", "", "R", 11.81, 59.05, 0, 270],
		[155, "USB1_B8", -83.95, 261.22, "T", "SMD", "USB1_B8", "", "R", 11.81, 59.05, 0, 270]
	]
}
}